customer_segment,customers,avg_recency,avg_frequency,avg_monetary_value,avg_order_value,total_revenue,customer_share,revenue_share
Champions,947,12.542766631467794,11.15311510031679,6077.62747624076,467.25587259278984,5755513.22,0.21830336560627017,0.6458590249714149
Loyal Customers,478,15.663179916317992,2.9665271966527196,1093.0242887029287,443.91319149731027,522465.61,0.11018902720147533,0.058628851425989
Recent High-Value,31,17.096774193548388,1.7096774193548387,1754.8906451612904,1202.3325806451612,54401.61,0.00714615029967727,0.006104715504671393
New/Potential Customers,279,18.2078853046595,1.1935483870967742,318.161146953405,270.1821326164875,88766.96,0.06431535269709543,0.009961047789110385
Needs Attention,868,50.88018433179724,3.141705069124424,1312.1341370967743,385.0466391079975,1138932.431,0.2000922083909636,0.1278061158539018
At-Risk High-Value,343,142.46064139941691,3.7638483965014577,2480.647204081633,1047.2611067472371,850861.991,0.07906869525126786,0.09548008576939675
At Risk,398,163.64572864321607,2.693467336683417,503.8357060301508,199.63063654582436,200526.611,0.09174734900875979,0.02250223681378013
Inactive/Low Engagement,994,219.60663983903422,1.0824949698189135,301.74997082494974,279.80320523138835,299939.471,0.22913785154449054,0.033657921871735705
